
{ "+": "yao garbled circuit tests, naranker dulay 2018",

  "circuits" : [

  { "name": "AND gate",
    "alice": [1],
    "bob":   [2],
    "out":   [3],
    "gates": [ 
      { "id":3, "type":"AND", "in": [1, 2] } 
    ]
  },

  { "name": "OR gate",
    "alice": [1],
    "bob":   [2],
    "out":   [3],
    "gates": [ 
      { "id":3, "type":"OR", "in": [1, 2] } 
    ]
  },

  { "name": "NOT gate",
    "alice": [1],
    "out":   [2],
    "gates": [ 
      { "id":2, "type":"NOT", "in": [1] } 
    ]
  },

  { "name": "XOR gate",
    "alice": [1],
    "bob":   [2],
    "out":   [3],
    "gates": [ 
      { "id":3, "type":"XOR", "in": [1, 2] } 
    ]
  },

  { "name": "OR gate",
    "alice": [1],
    "bob":   [2],
    "out":   [3],
    "gates": [ 
      { "id":3, "type":"OR", "in": [1, 2] } 
    ]
  },

  { "name": "NOR gate",
    "alice": [1],
    "bob":   [2],
    "out":   [3],
    "gates": [ 
      { "id":3, "type":"NOR", "in": [1, 2] } 
    ]
  },

  { "name": "NAND gate",
    "alice": [1],
    "bob":   [2],
    "out":   [3],
    "gates": [ 
      { "id":3, "type":"NAND", "in": [1, 2] } 
    ]
  },

  { "name": "XNOR gate",
    "alice": [1],
    "bob":   [2],
    "out":   [3],
    "gates": [ 
      { "id":3, "type":"XNOR", "in": [1, 2] } 
    ]
  },

  { "name": "A implies B",
    "alice": [1],
    "bob":   [2],
    "out":   [4],
    "gates": [ 
      { "id":3, "type":"NOT", "in": [1] },
      { "id":4, "type":"OR", "in": [2, 3] } 
    ]
  },

  { "name": "AA' complement",
    "alice": [1],
    "out":   [3],
    "gates": [ 
      { "id":2, "type":"NOT", "in": [1] },
      { "id":3, "type":"AND", "in": [1, 2] } 
    ]
  },

  { "name": "A+A' complement",
    "alice": [1],
    "out":   [3],
    "gates": [ 
      { "id":2, "type":"NOT", "in": [1] },
      { "id":3, "type":"OR", "in": [1, 2] } 
    ]
  }

] } 

