
{ "+": "Millionaires Problem, Thien Nguyen/Jinwei Zhang 2018",

  "circuits" : [
  { "name": "2-bit Millionaires Problem Cin, A0, B0, A1, B1 -> Cout",
    "alice": [1, 2],
    "bob":   [3, 4],
    "out":   [15],
    "gates": [ 
      { "id":5,   "type":"NOT", "in": [3] },
      { "id":6,   "type":"NOT", "in": [4] },
      { "id":7,   "type":"AND", "in": [1,2] }, 
      { "id":8,   "type":"AND", "in": [2,5] },
      { "id":9,   "type":"AND", "in": [1,5] },
      { "id":10,  "type":"AND", "in": [5,6] },
      { "id":11,  "type":"AND", "in": [1,6] },
      { "id":12,  "type":"OR",  "in": [7,8] },
      { "id":13,  "type":"OR",  "in": [9,12] },
      { "id":14,  "type":"OR",  "in": [10,13] },
      { "id":15,  "type":"OR",  "in": [11,14] }
    ]
  }
] } 

